0	19
0	137
0	14
0	97
0	104
0	114
0	44
0	146
0	40
0	193
0	192
0	7
0	52
0	74
0	99
0	179
0	117
0	0
0	41
0	126
1	201
1	204
2	217
2	228
3	74
3	286
3	62
3	251
3	87
3	266
3	281
3	325
3	240
3	20
3	250
3	244
3	256
4	338
4	333
5	385
5	334
5	357
5	409
5	412
5	451
5	436
5	340
5	449
5	390
5	376
5	422
5	243
5	417
6	64
6	472
6	493
6	485
6	137
6	492
6	491
7	373
7	26
8	98
8	513
9	204
9	531
9	559
9	542
9	540
10	573
10	100
10	584
10	581
11	544
11	258
12	319
12	606
13	25
13	405
14	634
14	56
14	13
14	622
14	645
14	629
15	678
15	652
15	63
15	60
15	217
16	68
16	679
16	693
16	28
16	71
16	660
16	136
16	540
17	819
17	638
17	836
17	630
17	121
17	35
17	485
17	791
17	610
17	9
17	661
17	464
17	703
17	768
17	844
17	755
17	822
17	551
17	805
17	112
17	139
17	812
17	719
17	802
17	708
17	624
17	760
18	155
18	57
18	866
18	891
18	861
18	684
18	12
18	73
18	445
18	849
19	284
19	477
19	924
19	935
19	484
19	911
19	915
19	895
19	947
19	902
19	851
19	917
20	976
20	545
20	972
20	989
20	1011
20	777
20	971
20	817
20	991
20	1006
20	626
20	635
20	959
20	958
21	319
21	10
21	1035
21	1033
22	706
22	1053
22	1067
22	1068
22	647
23	1072
23	339
23	1078
23	1076
23	112
24	139
24	846
24	208
26	691
26	1103
26	681
26	1092
26	258
26	98
26	333
26	528
27	1117
27	682
27	1116
27	1150
27	864
27	571
27	272
27	1078
27	1143
27	1123
27	626
28	705
28	156
28	573
28	1096
28	1168
28	1170
28	812
29	139
29	208
29	677
30	0
30	256
30	1187
30	361
31	405
31	1210
31	1207
31	1208
31	710
31	27
32	1243
32	6
32	1242
32	100
32	513
32	30
32	570
32	906
32	1211
32	337
33	1260
33	319
33	1256
33	1262
34	4
34	12
36	402
36	20
37	1265
37	242
37	376
38	1274
38	137
38	666
38	79
38	20
38	55
38	4
39	17
39	6
39	407
39	237
39	1265
39	1048
40	1303
40	670
40	1140
40	1327
40	1325
40	1302
40	744
40	812
40	1301
41	1392
41	300
41	3
41	130
41	181
41	1297
41	347
41	134
41	578
41	1434
41	975
41	1206
41	1414
41	1380
41	62
41	1394
41	1386
41	869
41	1343
41	124
41	1418
41	1340
41	247
41	1383
41	165
41	1363
42	427
42	1443
42	1465
42	418
42	1445
42	413
42	1455
42	346
42	1
42	342
43	80
43	1208
44	269
44	42
44	1373
44	602
44	900
44	416
44	57
44	1463
44	1268
44	61
44	171
44	623
44	1505
44	915
44	150
44	124
44	24
44	20
44	580
44	1479
44	1477
44	1488
44	998
44	465
44	1504
44	709
44	487
45	1289
45	608
45	384
46	1536
46	1537
46	715
47	1551
47	688
48	1080
48	402
49	55
49	660
49	1052
49	1570
50	1610
50	280
50	1592
50	688
50	1585
50	1655
50	1583
50	680
50	668
50	743
50	1363
50	1372
50	1657
50	1202
50	1594
50	1611
50	664
50	1587
50	1604
50	123
50	1124
51	1154
51	642
51	1176
51	601
51	1186
51	731
51	1670
51	1689
51	584
51	501
51	996
52	1699
52	932
55	3
55	413
55	416
56	129
56	704
56	285
56	187
56	1712
56	273
56	869
56	416
56	648
56	160
56	857
56	720
56	1706
56	702
56	851
56	22
56	912
56	1714
56	0
56	72
56	1736
56	168
56	1739
56	1097
57	16
57	396
57	345
57	571
57	609
57	23
57	1448
58	286
58	686
58	270
58	665
58	178
58	1061
58	646
58	310
58	199
60	1171
60	349
60	51
61	481
61	744
61	267
61	71
61	823
61	628
61	1842
61	215
61	730
61	725
61	1147
61	1801
61	817
61	485
61	556
61	201
61	339
61	1830
61	1836
61	615
61	540
61	1780
61	1835
61	988
61	1029
61	1813
61	1819
61	676
62	682
62	1859
62	1125
62	681
62	551
62	1183
62	939
62	796
62	1096
62	61
62	489
62	84
62	18
62	560
62	1856
63	317
63	1924
63	489
63	402
63	354
63	1770
63	88
63	100
63	1646
63	654
63	1772
63	737
63	1908
63	84
63	174
63	1879
63	106
63	479
63	1891
63	152
63	165
63	605
63	21
63	1627
63	675
63	888
63	123
64	204
64	638
65	475
65	660
65	1971
65	1987
65	86
65	1995
65	1948
65	1968
65	689
65	1946
65	1935
65	354
65	491
65	648
65	1752
65	201
65	497
65	1488
65	1900
65	1036
65	1962
65	51
65	730
65	1304
66	864
66	1999
66	737
67	1235
67	168
67	1682
67	2078
67	2103
67	134
67	256
67	475
67	2024
67	200
67	182
67	324
67	1508
67	1180
67	531
67	2049
67	1183
67	100
67	2096
67	551
67	2031
67	2102
67	1042
67	1548
67	2026
67	2076
67	963
67	27
67	2014
67	2071
67	744
67	1185
67	1684
67	155
67	75
68	2106
68	61
68	603
68	468
69	1162
69	61
69	71
69	283
69	53
69	1081
70	1470
70	444
71	139
71	587
71	13
72	630
72	1826
72	2135
72	2133
72	1667
72	2125
72	496
72	785
72	196
72	806
72	1681
72	201
73	1213
73	741
73	2186
73	2168
73	2184
73	693
73	735
73	60
73	243
73	1144
73	2200
73	1140
73	2157
73	2169
74	376
74	63
74	760
74	170
75	610
75	2209
75	2211
75	469
75	60
76	13
76	484
77	0
77	68
78	2218
78	712
78	467
78	2215
78	129
79	1264
79	616
79	1528
79	878
79	2236
79	2245
79	2240
79	748
79	1552
79	1680
79	1979
79	2225
79	731
79	354
79	2232
81	75
81	2264
81	2266
81	122
81	371
81	532
81	679
81	32
82	2287
82	596
82	1696
82	2283
83	654
83	513
83	1269
83	340
83	427
83	1338
83	1349
83	373
83	659
83	1347
83	26
83	2288
83	447
83	859
83	32
83	241
83	615
84	2316
84	22
85	481
85	477
85	13
85	61
85	1388
87	1044
87	22
87	480
87	725
88	2508
88	2405
88	2453
88	2421
88	2433
88	2429
88	2343
88	2534
88	2404
88	2503
88	2334
88	2477
88	2373
88	2495
88	2357
88	1019
88	2476
88	2469
88	2478
88	2412
88	2445
88	2468
88	2398
88	2352
88	2449
89	1220
89	2558
89	13
89	2560
90	6
90	2588
90	50
90	300
90	2576
90	164
90	1959
90	400
90	1503
90	59
90	2610
90	1066
90	9
90	1648
90	1736
90	2608
90	947
90	1047
90	56
90	1277
90	734
90	1258
90	1640
90	471
91	2620
91	115
92	15
92	46
92	53
92	333
92	119
92	121
92	403
92	1600
92	2623
93	373
93	246
94	1071
94	616
94	58
94	121
94	744
94	149
94	881
94	484
94	2641
94	60
94	2640
94	864
94	466
95	373
95	63
95	1752
95	32
95	2654
96	415
96	100
96	947
97	30
97	475
97	16
97	1085
97	931
97	2101
98	11
98	388
98	1445
99	703
99	2657
99	1902
99	2681
99	903
99	485
99	367
99	2682
99	258
99	958
99	2674
100	128
100	278
100	1298
100	140
101	1
101	15
102	654
102	75
102	359
102	1297
102	1162
102	697
102	309
102	942
102	2700
102	1547
102	5
102	682
102	344
102	334
102	932
102	1771
102	1045
102	349
102	308
102	44
102	1277
102	720
102	713
102	262
103	2730
103	342
103	306
103	657
103	752
103	329
103	1749
103	917
103	1655
103	865
103	994
103	542
103	434
104	2772
104	638
104	615
104	2969
104	2716
104	208
104	630
104	2817
104	684
104	2758
104	2914
104	2787
104	2797
104	640
104	2852
104	2915
104	2973
104	559
104	2926
104	1182
104	2760
104	2788
104	2956
104	187
104	1171
104	686
104	2862
104	1159
104	2951
104	540
104	2979
104	2768
104	2844
104	605
104	2824
104	2770
104	1949
104	2892
104	1140
104	1700
104	1213
104	1626
104	1924
104	671
104	2963
104	213
104	2761
104	138
104	755
104	518
104	1228
104	2744
104	2935
104	2905
104	2970
105	790
105	479
106	416
106	511
107	2994
107	481
107	1892
107	1163
107	858
108	3006
108	7
108	354
109	648
109	50
109	671
110	3036
110	206
110	3058
110	246
110	3134
110	3062
110	3124
110	1308
110	854
110	502
110	545
110	3012
110	3055
110	3080
110	119
110	3099
110	1680
110	3120
110	837
110	3048
110	1008
110	721
110	3121
110	3081
110	912
111	545
111	139
111	368
111	551
112	1578
112	857
112	74
112	3146
112	659
112	855
112	48
112	2118
112	1713
114	2009
114	65
114	84
114	2014
114	187
114	1583
114	621
115	2722
115	1270
115	986
115	407
116	1347
116	413
116	342
116	1573
116	427
116	416
117	22
117	56
118	778
118	978
118	716
118	3207
118	827
118	139
118	1151
118	339
118	3193
118	737
118	1014
118	477
118	2100
118	16
118	3198
118	2474
118	1186
118	3190
120	420
120	9
121	1701
121	703
121	1302
121	478
121	789
121	638
121	339
121	1147
121	57
121	1184
121	816
121	939
121	21
121	621
121	1178
121	2033
121	1982
121	396
121	35
121	664
121	27
121	1041
121	659
121	65
121	1175
121	2899
121	1319
122	628
122	812
122	13
122	801
123	687
123	298
123	1889
123	3006
124	344
124	3287
124	61
124	1175
124	662
124	2707
124	828
124	3251
124	812
124	3298
124	3248
124	3307
124	2141
124	2917
124	171
124	3281
124	1683
124	789
124	744
124	3244
124	675
124	3301
124	3303
125	402
125	416
127	1485
127	55
127	683
128	443
128	32
128	989
128	488
128	487
128	1310
128	1125
128	170
128	462
130	62
130	704
130	615
131	240
131	1077
131	624
131	337
131	610
131	2789
131	3320
133	422
133	610
134	18
134	158
134	354
134	165
134	3327
134	1471
134	319
134	329
134	887
134	886
134	3326
134	58
134	155
134	27
134	3325
134	1729
134	1117
135	10
135	348
135	413
135	18
136	0
136	1766
136	1583
136	646
136	254
136	1494
136	1742
136	55
136	1033
139	6
139	422
139	684
139	2633
139	270
139	532
139	58
139	1072
139	3358
139	133
139	1351
139	1397
139	732
139	1894
139	125
139	3396
139	3363
139	516
139	3401
139	1113
139	1039
139	1125
139	713
139	943
139	256
139	173
139	272
139	3371
140	1077
140	742
140	3405
140	0
140	643
140	987
141	334
141	415
142	529
142	963
142	537
143	484
143	737
143	112
143	895
143	174
143	32
147	483
147	545
147	1872
148	400
148	463
150	361
150	451
150	956
151	684
151	656
151	139
151	204
152	1656
152	624
152	1647
153	1826
153	1028
153	829
154	171
154	100
154	187
155	3476
155	3414
155	463
155	953
155	1556
155	648
155	168
155	615
155	3449
155	3461
155	335
155	513
155	261
155	3372
155	1223
155	312
155	1879
155	62
155	2174
155	3154
155	857
155	50
158	325
158	2866
158	70
158	402
159	155
159	362
159	319
159	927
159	1299
159	373
159	413
159	186
159	168
159	3487
159	178
159	605
159	314
159	486
159	217
160	653
160	1736
161	1048
161	30
161	334
163	616
163	444
163	68
164	415
164	125
164	1691
165	50
165	1171
165	1042
165	16
165	747
165	70
165	53
165	1854
165	475
165	13
165	35
165	1316
165	155
165	540
166	501
166	496
166	704
166	75
166	55
166	300
166	1648
166	2697
167	267
167	650
167	615
167	691
167	660
167	682
167	722
167	35
167	799
168	3172
168	1352
168	100
168	484
168	937
168	3528
168	415
168	368
168	1406
168	473
168	737
168	3525
168	427
168	246
168	1
168	420
168	451
168	913
168	22
168	3551
168	88
168	595
169	28
169	1448
170	446
170	1194
170	607
170	653
170	444
170	1753
170	703
170	1706
173	433
173	246
173	407
175	32
175	376
175	571
176	2280
176	714
176	463
176	3606
176	42
176	2305
176	545
176	2025
176	38
176	2275
176	486
176	790
176	826
176	504
176	1514
176	253
176	3591
176	3608
176	741
176	1164
176	1160
176	1878
176	2091
176	475
176	255
176	909
176	2748
176	1308
176	185
176	1681
176	966
176	109
176	873
176	938
176	1513
177	479
177	1415
177	319
177	68
177	20
177	26
178	460
178	457
178	28
178	511
180	360
180	363
180	15
181	3734
181	3669
181	3646
181	3687
181	1956
181	625
181	2643
181	1937
181	610
181	329
181	1503
181	140
181	200
181	654
181	942
181	2221
181	1362
181	3655
181	3698
181	851
181	28
181	176
181	3701
181	48
181	709
181	298
181	743
181	671
181	3683
181	3647
181	3695
181	2108
181	59
181	3638
181	702
181	3704
181	1416
181	286
181	513
181	2111
181	3717
181	1754
181	1259
181	183
181	3209
181	1047
181	1233
181	515
181	173
182	1420
182	173
182	467
182	1614
183	1839
183	828
183	1838
183	1025
183	777
183	3744
183	826
183	208
184	731
184	317
184	866
185	1696
185	3793
185	254
185	416
185	2163
185	976
185	68
185	2009
185	3384
185	113
185	2013
185	271
185	289
185	654
185	3771
185	463
185	3772
185	126
185	1250
185	1708
186	2804
186	1774
186	463
186	3816
186	1119
186	3804
186	1050
186	748
186	1550
186	3801
186	155
186	3800
186	3820
186	681
186	1766
186	28
186	1258
186	308
187	706
187	1944
187	3847
187	3843
188	139
188	769
189	941
189	329
189	501
189	744
190	3850
190	233
190	1335
190	395
190	3849
190	335
191	396
191	955
192	1313
192	56
194	1280
194	1398
194	51
194	4
194	2010
194	1769
194	581
194	1883
194	47
194	878
194	349
195	679
195	777
196	143
196	464
197	670
197	671
197	352
197	334
197	270
197	963
197	100
197	3
197	256
197	242
197	84
197	621
198	199
198	470
198	918
198	648
198	3416
198	3874
198	693
198	2751
198	332
198	13
198	732
198	683
198	1125
198	190
198	3876
198	1648
199	1308
199	201
199	879
199	488
199	1124
199	57
199	16
199	962
199	317
199	1671
199	62
199	3882
199	405
199	204
199	1514
199	651
199	3881
199	508
199	1897
199	1979
200	607
200	434
200	151
200	580
200	119
200	80
200	912
200	716
200	349
201	581
201	121
201	145
201	1164
201	6
201	1108
201	2154
201	194
201	1494
201	3902
201	709
201	691
201	598
201	2309
201	123
201	67
201	265
201	254
201	315
201	1101
201	659
201	2746
201	1716
201	34
201	28
201	1888
201	3891
201	428
202	466
202	811
203	206
203	1885
203	339
203	1777
203	615
203	3915
204	201
204	806
205	2293
205	0
208	100
208	605
208	402
209	174
209	548
209	489
209	1085
209	982
209	641
209	992
209	3943
209	204
209	3942
209	483
210	777
210	13
210	679
210	1777
210	1697
210	55
211	3299
211	2800
211	3956
211	571
211	1673
211	106
211	3432
211	206
211	1327
211	676
211	782
211	3963
212	92
212	254
212	2010
212	580
212	2600
214	163
214	479
214	2129
214	932
214	1399
214	1597
215	3846
215	584
215	70
215	3986
215	1250
215	55
215	1405
215	3458
215	3843
216	3507
216	333
216	513
216	885
216	144
216	689
216	58
216	1275
216	462
216	711
218	3314
218	1774
218	478
218	1859
218	1252
218	1156
218	1121
218	201
218	2061
218	20
218	1254
218	1176
218	402
218	599
218	877
218	4003
218	169
219	1147
219	2130
219	443
219	1315
219	580
219	444
219	616
219	4008
219	139
219	506
219	30
219	764
219	1676
219	475
220	469
220	1710
220	1275
220	616
220	1918
220	51
220	663
220	273
220	697
220	163
220	1600
220	1367
220	665
220	1058
220	708
220	3686
220	2116
220	248
220	1559
220	4033
220	1217
220	1773
220	3004
220	660
220	656
221	50
221	805
221	206
221	4048
221	1302
221	480
221	59
222	672
222	670
223	4049
223	16
223	119
223	3146
223	1099
224	4053
224	2575
224	171
224	71
224	872
225	659
225	1044
225	492
225	3780
225	170
225	285
225	288
225	13
225	925
225	4059
225	56
225	1075
225	709
225	1516
225	2814
225	4063
225	518
225	284
225	1508
225	1316
225	354
225	626
225	339
225	986
225	119
226	777
226	2789
226	204
226	215
226	2180
226	819
226	56
226	139
227	597
227	13
228	373
228	385
228	413
228	22
229	434
229	476
229	1299
230	71
230	139
231	601
231	767
231	143
231	174
231	1302
231	497
231	937
231	480
231	1146
231	629
231	1315
231	1140
231	2132
231	1259
231	163
231	495
231	1852
231	4092
231	1310
231	1902
231	4006
231	1235
232	59
232	16
232	716
232	484
233	116
233	144
233	27
233	2626
233	4102
233	1445
233	129
233	1207
233	72
233	152
234	402
234	416
234	614
234	6
235	590
235	140
237	4116
237	4111
237	937
238	993
238	747
238	396
238	493
238	246
238	709
238	347
238	2226
238	654
238	994
238	112
238	116
238	51
238	619
238	741
238	488
238	272
238	1674
238	20
238	203
239	4126
239	443
239	460
239	368
239	386
239	1346
239	430
239	4123
240	1331
240	1075
240	235
240	2880
240	206
242	955
242	1445
242	462
243	4136
243	467
243	1754
243	576
243	1401
243	153
245	492
245	697
245	633
245	864
245	524
245	76
245	86
245	4151
245	556
245	482
245	1681
245	4154
245	778
245	873
245	1178
245	1925
246	636
246	471
246	339
246	58
246	100
246	654
246	4
246	187
246	22
247	998
247	518
248	96
248	214
248	4185
248	571
248	1081
248	731
248	2071
248	4
248	1328
248	2325
248	869
248	539
248	4206
248	831
248	1160
248	339
248	3030
248	186
248	1043
248	215
248	71
248	500
248	2258
248	205
248	4164
248	49
248	682
248	1014
248	794
248	50
248	1333
248	2602
248	354
248	704
248	855
248	2715
248	1809
248	415
248	548
248	4182
248	551
248	2232
248	4008
248	1788
248	4187
248	2010
248	629
248	1177
248	56
248	615
248	1121
249	709
249	240
250	163
250	3
251	3305
251	549
251	1700
252	4213
252	2285
252	1047
252	297
253	4045
253	322
253	477
253	540
253	1924
253	2049
253	4
253	1664
253	1043
255	71
255	13
255	552
255	698
255	991
255	639
255	3077
255	481
255	1406
255	1983
255	637
255	1779
255	4227
257	485
257	139
259	297
259	4
259	657
259	4229
259	927
259	482
259	4235
259	463
259	3
260	65
260	674
260	1773
262	2789
262	333
262	851
262	930
262	152
262	1206
262	108
262	9
262	121
262	3650
262	334
262	3366
262	873
263	22
263	445
263	901
264	111
264	1092
264	1941
264	139
264	712
264	882
264	94
265	1594
265	274
265	409
265	271
265	276
265	150
265	648
265	679
265	87
265	918
266	28
266	605
266	617
266	1411
266	464
267	3446
267	469
267	1166
267	1704
267	681
267	3658
269	30
269	0
271	139
271	803
272	1268
272	513
272	646
272	18
273	744
273	508
273	4278
273	285
273	2599
273	774
273	1890
273	2221
273	286
273	536
273	756
273	1044
273	1061
273	51
273	1411
273	300
273	2822
273	1047
273	624
273	1540
273	56
273	402
273	1490
273	4294
273	4247
273	4277
273	2643
273	480
273	4261
273	4258
273	317
273	460
274	939
274	2118
274	152
274	1718
274	2215
274	35
274	281
274	4309
274	704
274	3388
274	658
274	79
274	1232
274	1162
274	615
274	4335
274	30
274	71
274	581
274	1710
274	1110
274	654
274	2115
274	163
274	659
274	1947
274	660
274	2008
274	2113
274	663
275	1194
275	1477
275	1475
275	4122
278	760
278	616
278	204
278	1080
278	464
278	957
278	578
278	1667
279	4349
279	1302
279	203
279	531
279	944
279	2789
279	4347
279	346
279	329
279	4100
279	2818
279	16
279	493
281	1920
281	1072
281	174
281	267
281	463
281	1650
281	1141
281	80
281	769
281	789
281	134
281	168
281	1663
281	1242
281	1125
281	581
281	112
281	28
283	3338
283	388
283	419
283	4127
283	1293
284	735
284	1205
285	174
285	139
285	100
285	86
285	478
285	509
286	1637
286	1269
286	1908
286	4362
286	22
287	864
287	169
287	680
287	13
287	1586
287	1361
287	62
287	137
287	4364
287	1740
287	1159
287	306
287	742
287	1266
287	1235
287	199
287	2281
287	246
287	2019
287	2768
287	4377
287	1627
287	143
287	51
287	3020
287	505
287	482
287	659
289	607
289	4392
289	882
289	1600
289	654
289	93
289	4396
289	68
289	4388
289	1711
289	1759
289	651
289	277
289	50
289	300
289	1758
289	265
289	1726
289	343
289	1583
289	1035
289	299
289	1276
290	789
290	545
290	1186
291	1178
291	1401
291	151
291	53
291	1107
291	4198
291	506
291	3772
291	790
291	204
291	1780
291	1347
291	1483
291	444
291	985
291	944
291	1135
291	3791
291	823
293	242
293	615
293	4356
293	127
293	281
293	889
293	618
293	16
293	1380
293	1170
293	56
294	206
294	50
294	62
295	1172
295	6
296	1712
296	82
297	274
297	1870
297	571
297	2099
297	349
297	823
297	482
297	492
299	2892
299	402
299	214
300	769
300	744
300	654
300	11
300	478
300	339
301	2288
301	6
302	571
302	196
302	572
303	343
303	55
303	528
303	1499
303	4429
303	873
303	1098
303	1381
303	373
303	1493
303	471
303	961
303	446
303	376
303	465
303	32
304	4441
304	4443
304	2568
304	777
304	4167
304	4457
304	98
304	3249
304	4477
304	4449
304	2866
304	4461
304	545
304	677
304	758
304	1000
304	1476
304	1372
304	200
304	525
304	531
304	792
304	2592
304	2841
304	1933
304	478
304	4169
304	2180
304	689
304	791
304	2955
304	285
304	1673
304	2227
304	2658
304	725
304	2287
304	1819
304	12
304	1555
304	715
304	509
305	2140
305	1183
305	545
306	720
306	97
306	1656
306	1147
306	1316
306	3
306	3140
306	4499
306	4239
306	540
306	901
306	670
306	2108
306	1881
306	545
306	16
306	203
306	2036
306	1216
307	3936
307	994
307	987
308	3570
308	22
308	253
308	250
308	4517
308	651
308	273
309	1641
309	4527
309	4217
309	159
311	646
311	1936
311	3003
311	619
311	3660
311	890
311	158
311	1194
311	1038
311	268
311	2719
311	1277
311	2637
311	524
312	70
312	354
312	198
312	1125
312	604
312	1759
312	160
312	83
312	3167
312	191
312	156
312	58
312	682
312	28
312	168
312	286
312	598
312	4
313	16
313	1202
313	433
316	206
316	771
316	174
316	1044
316	28
316	84
316	200
316	2252
316	541
316	675
316	1822
317	2062
317	4573
317	3607
317	4576
317	4563
317	850
317	1627
317	1310
317	17
317	4592
317	4638
317	339
317	4665
317	99
317	1798
317	4612
317	444
317	87
317	4217
317	933
317	4059
317	3932
317	2189
317	3220
317	4647
317	47
317	4630
317	4658
317	2750
317	4670
317	21
317	4666
317	1042
317	4693
317	673
317	1587
317	61
317	4587
317	4644
317	4616
317	1180
317	2082
317	4579
317	205
317	708
318	647
318	1831
318	638
320	344
320	400
320	375
321	187
321	55
321	163
321	121
322	826
322	1220
324	3840
324	1265
324	1498
324	1627
324	151
324	1092
324	4140
324	1274
324	1113
324	648
324	4700
324	4699
324	1115
324	683
324	3146
324	572
325	2716
325	207
325	716
325	1063
325	149
325	4719
325	749
325	647
325	4717
325	1889
325	665
326	682
326	1583
326	653
327	75
327	698
327	1096
327	1798
327	436
327	654
327	616
327	682
327	1610
327	1043
329	165
329	48
329	1503
329	849
329	607
329	11
329	269
329	610
329	49
329	354
329	56
329	335
329	25
329	1202
330	187
330	1186
330	775
330	2132
330	1490
330	630
330	1008
330	317
330	991
331	858
331	4
331	3997
331	890
331	790
331	646
331	3449
331	139
331	267
331	60
331	4135
331	2149
333	1315
333	413
333	737
333	933
334	9
334	598
335	22
335	339
335	1311
335	1476
335	671
336	1285
336	451
336	1
336	394
336	349
336	371
338	2207
338	698
338	744
338	1983
338	1674
338	2287
338	155
338	20
338	218
338	632
338	4743
338	757
338	1301
338	1868
338	3048
338	3
338	463
338	1147
338	1021
338	1121
338	2716
338	208
338	637
338	4755
338	4756
338	671
339	1445
339	710
340	4757
340	2017
340	1483
342	163
342	3816
342	492
342	1044
343	2261
343	820
343	71
343	731
344	1375
344	1308
344	300
344	185
345	1881
345	201
345	4
345	2307
345	4772
345	285
345	1565
345	3319
345	308
346	333
346	347
347	1899
347	2149
347	716
347	22
347	256
348	15
348	404
350	732
350	525
350	200
350	4777
350	748
350	4779
350	324
351	578
351	735
351	339
351	307
351	551
351	1008
351	1785
351	2688
351	3432
351	479
351	1789
351	314
351	124
351	685
351	299
351	545
351	276
351	635
352	513
352	27
352	20
352	3
353	136
353	94
353	855
353	715
353	1041
353	53
353	1654
353	681
353	70
353	1163
353	87
353	679
354	255
354	2720
355	1698
355	1667
355	499
355	1398
355	1737
355	653
355	881
355	1641
355	929
355	671
355	605
355	1077
355	1900
355	1399
355	608
355	187
355	4795
355	4788
355	3161
356	3410
356	512
356	4804
356	1008
356	2620
356	163
356	204
356	938
356	471
356	918
356	250
356	4800
356	4802
356	123
356	61
356	697
356	114
356	1881
356	1768
356	1798
356	4502
356	481
356	2075
356	1877
357	1670
357	1663
358	1768
358	537
358	715
360	536
360	539
360	998
361	4814
361	1362
361	1156
361	767
361	203
361	6
361	1525
361	551
361	737
361	174
363	710
363	1480
364	477
364	2008
364	1648
364	1667
364	1809
365	987
365	201
366	1424
366	615
366	885
366	4823
366	4829
366	4828
366	602
366	2143
366	433
366	1120
366	1742
366	873
366	2016
367	159
367	467
367	681
367	16
367	51
367	1498
367	465
367	608
368	86
368	87
368	1654
368	163
369	124
369	760
369	744
369	513
370	488
370	1586
370	1798
370	4838
371	1877
371	71
371	4844
371	271
371	679
371	1110
371	6
371	20
371	443
371	1936
371	681
372	16
372	462
372	339
372	383
373	685
373	402
374	670
374	1268
375	615
375	396
375	492
375	743
375	947
375	2248
375	509
375	479
375	1154
375	1071
376	4865
376	2203
376	111
376	300
376	4867
376	1772
376	1096
376	4854
377	748
377	62
377	654
379	1085
379	3885
379	844
379	599
379	1003
379	781
379	435
379	1078
379	4920
379	4876
379	3571
379	3967
379	81
379	865
379	4906
379	760
379	4155
379	4916
379	617
379	1505
379	497
379	3305
379	571
379	970
379	1103
379	4875
379	4884
379	0
379	984
379	1288
379	4890
379	673
379	854
379	1439
379	885
379	3330
379	3773
379	698
379	927
379	645
379	1906
379	4051
379	4540
379	647
379	2583
379	4902
379	122
379	1667
379	3208
379	1524
379	2243
379	144
379	4924
379	1594
379	1777
379	461
379	169
379	100
379	151
379	979
379	801
379	4784
379	3402
379	925
379	1872
379	4191
379	1359
380	945
380	1264
380	444
380	2371
380	49
380	545
380	2781
380	1779
380	617
380	4001
380	2661
380	849
380	2023
380	854
380	3566
380	931
380	2652
380	715
380	1499
380	624
380	1175
380	4945
381	2105
381	1822
381	987
381	1829
381	70
381	28
381	994
381	1079
381	1779
381	208
381	536
382	1700
382	299
383	2114
383	1163
383	322
384	39
384	57
384	4956
384	2686
384	1212
384	0
384	58
384	1165
386	1576
386	3516
386	4992
386	855
386	676
386	4965
386	1766
386	4730
386	933
386	4990
386	4023
386	1055
386	3517
386	514
386	1881
386	665
386	218
386	5000
386	3457
386	681
386	2174
386	4
386	1124
386	1110
386	513
386	28
386	756
386	1043
386	4044
386	4028
386	1742
388	1347
388	2293
388	2
389	2784
389	670
389	655
389	1073
389	22
390	873
390	917
390	685
390	259
390	1352
390	253
390	2149
390	244
390	1223
390	1214
390	1292
390	3439
390	1752
390	326
390	151
390	5018
390	1205
390	255
390	16
390	480
390	1587
390	4565
390	607
390	5025
392	75
392	540
392	3934
392	201
392	5026
392	4504
392	698
392	814
396	5027
396	2177
397	545
397	697
397	5029
397	656
398	737
398	71
399	761
399	16
399	57
399	58
400	545
400	501
401	399
401	4123
401	28
402	136
402	2132
403	15
403	1448
404	65
404	4259
404	629
404	2569
404	111
404	3839
404	5035
404	286
404	262
407	58
407	5043
407	3194
407	139
407	1813
407	491
407	5047
407	4192
407	955
407	5041
408	155
408	1103
408	963
408	30
408	1888
408	2318
408	1583
408	13
409	5052
409	3490
409	256
409	2111
409	4955
409	2118
409	165
409	289
409	514
409	3493
409	1494
409	660
409	253
410	609
410	382
410	400
410	1448
410	433
411	84
411	73
411	1297
411	879
411	277
411	857
411	55
412	22
412	339
412	682
412	1308
412	747
413	313
413	1729
413	5116
413	1186
413	1587
413	23
413	3364
413	206
413	5182
413	3168
413	5100
413	1922
413	1235
413	44
413	2007
413	42
413	910
413	1129
413	675
413	5146
413	4973
413	5076
413	3999
413	5106
413	159
413	794
413	5208
413	1708
413	2412
413	155
413	808
413	464
413	993
413	1485
413	781
413	1140
413	476
413	885
413	739
413	516
413	3476
413	1368
413	4204
413	97
413	3862
413	899
413	559
413	627
413	730
413	637
413	119
413	354
413	5216
413	849
413	3389
413	308
413	2680
413	1677
413	62
413	1393
413	5144
413	3626
413	1766
413	5221
413	2093
413	828
413	204
413	5204
413	1125
413	986
413	124
413	796
413	3219
413	4182
413	1164
413	5222
413	5130
413	80
413	1170
413	632
413	5083
413	1678
413	1646
413	1903
413	4166
413	3963
413	86
413	5158
413	151
413	1634
413	1070
413	5021
413	768
413	3212
413	545
413	6
413	1720
413	777
413	5092
413	3263
413	1540
413	1314
413	495
413	3656
413	3239
413	1265
413	5134
413	269
413	5181
413	5104
413	381
413	12
413	3373
413	1077
413	682
413	2751
413	912
413	158
413	2638
413	3791
413	2300
413	670
413	3337
414	3570
414	139
414	339
414	685
414	2748
414	246
414	4
415	2180
415	331
416	329
416	610
416	402
416	704
416	213
417	646
417	805
417	656
417	64
417	699
417	4752
418	1772
418	50
418	396
418	1862
418	811
418	1518
418	536
418	1485
418	100
418	299
419	246
419	1853
419	1302
419	289
419	1982
419	267
419	22
419	1051
420	256
420	3172
420	1097
421	615
421	13
421	444
421	3377
421	5241
423	205
423	647
423	1628
423	207
423	812
423	163
424	2003
424	1476
424	617
424	354
424	75
424	982
424	28
424	1979
424	86
424	100
424	321
425	2730
425	21
425	1698
425	994
425	1539
426	1583
426	349
426	670
427	2227
427	1853
427	201
427	339
428	388
428	395
428	4049
428	373
429	927
429	487
429	930
431	616
431	3494
431	21
431	1338
431	5268
431	174
431	1681
431	1156
431	1236
431	343
431	5267
431	677
431	733
431	5230
433	725
433	1041
433	11
433	1648
433	204
433	5271
433	112
433	1682
433	571
433	63
433	246
433	100
433	1171
434	1159
434	895
434	592
434	207
435	29
435	0
435	413
436	336
436	13
436	60
436	1352
436	1285
436	71
436	2
437	1552
437	371
437	1470
437	1254
437	2035
437	187
437	622
437	879
437	986
437	915
437	1071
437	370
437	144
437	24
437	670
437	1483
437	490
437	3587
437	701
437	5279
437	955
437	1348
438	68
438	501
439	1213
439	2689
440	521
440	339
440	80
440	3051
441	479
441	744
441	5197
442	402
442	343
442	4125
443	704
443	28
443	214
443	648
444	1202
444	7
444	400
445	1342
445	17
445	21
445	373
445	1462
446	648
446	13
446	3382
446	1415
446	342
446	187
446	691
446	3774
446	4881
446	1131
446	885
446	121
446	70
446	3018
446	2654
446	517
446	1326
446	171
446	3985
446	689
446	670
446	501
446	43
446	256
446	94
446	1908
446	5296
446	1406
446	478
446	1891
446	244
446	1101
446	1299
446	753
446	1681
446	5313
446	44
446	584
446	2712
446	1884
446	84
446	1810
446	899
446	484
446	55
447	163
447	3675
448	48
448	3350
448	13
448	624
449	48
449	0
450	87
450	65
450	725
450	1513
450	692
450	3638
450	5287
450	1415
450	50
450	1420
450	174
450	1406
450	967
450	177
450	9
450	85
450	1361
450	54
450	22
451	2262
451	4
451	1035
451	163
451	13
451	961
451	1594
451	2655
451	5333
451	731
451	297
451	434
451	1463
451	5331
451	89
451	140
451	5274
451	481
451	124
451	480
451	687
451	9
451	1713
452	2553
452	660
453	433
453	608
454	1346
454	1480
454	462
455	34
455	6
456	396
456	6
456	382
456	405
457	789
457	139
458	489
458	285
458	1141
458	747
458	737
458	781
459	207
459	433
460	3726
460	658
460	5369
460	5361
460	1747
460	1035
460	5353
460	2118
460	4549
460	5368
460	5363
460	1235
460	73
460	331
460	273
460	5377
460	1032
460	5366
460	2100
460	5362
460	3738
461	1123
461	1125
462	479
462	62
462	478
462	21
462	467
462	13
462	937
462	460
463	191
463	100
463	199
463	1368
463	190
463	1952
463	1401
463	920
463	3908
463	4010
464	778
464	639
464	2833
464	2048
464	2658
464	1680
464	777
467	6
467	5048
467	34
467	1767
467	1578
467	712
467	3843
467	265
467	1168
467	2719
467	3867
467	719
467	190
467	1034
467	1053
467	106
467	900
467	3147
467	1368
467	1057
467	23
467	517
467	466
467	871
467	873
467	270
467	858
468	396
468	512
468	434
469	677
469	339
470	183
470	1499
471	317
471	3427
472	84
472	124
472	689
472	646
472	1284
472	3879
472	284
472	2800
472	276
472	1075
472	1971
472	2143
472	2049
472	3874
472	4533
472	1235
472	5527
472	615
472	2320
472	3309
472	1730
472	5442
472	617
472	1099
472	5446
472	2108
472	760
472	5184
472	682
472	3535
472	728
472	3837
472	3686
472	663
472	1576
472	2164
472	1646
472	1920
472	381
472	0
472	5486
472	5528
472	305
472	86
472	312
472	591
472	5357
472	34
472	5055
472	3573
472	1202
472	851
472	1146
472	463
472	2585
472	5409
472	1982
472	269
472	3578
472	3624
472	5434
472	250
472	4863
472	247
472	2145
472	68
472	5541
472	5439
472	4316
472	144
472	4208
472	2807
472	692
472	289
472	5512
472	271
472	165
472	2149
472	1769
473	5545
473	71
473	476
473	1655
473	747
473	58
473	4198
473	987
473	98
473	743
473	1251
473	820
473	540
473	489
474	413
474	341
474	344
474	373
475	1585
475	63
475	242
475	740
475	2067
475	3859
475	4107
475	3727
475	1671
475	3003
475	1857
475	685
475	650
475	5554
475	698
475	35
475	628
475	176
475	20
475	2614
475	758
475	56
475	1111
475	2003
475	5550
475	1168
475	5160
475	268
475	97
475	889
475	4240
475	339
475	710
475	218
475	930
475	4905
475	718
475	1041
477	1170
477	1766
477	873
477	1286
477	1111
477	449
477	176
477	1120
478	873
478	646
478	487
478	274
478	123
478	68
478	1175
478	524
478	628
478	1627
478	50
478	187
478	18
478	3706
478	4561
478	1919
478	615
478	1886
478	246
478	71
478	267
478	1897
478	51
478	3239
478	763
478	525
478	744
478	176
478	4143
478	97
478	299
480	71
480	712
480	1140
480	509
480	153
480	186
480	2038
481	312
481	1656
481	272
481	169
481	671
481	655
481	737
481	636
481	3686
481	3608
481	1667
481	4591
481	57
481	1273
481	206
481	100
481	2036
481	1627
481	1079
481	3212
481	5591
481	849
481	3830
481	630
481	1233
481	3599
481	1152
481	86
481	168
481	997
481	1096
481	4164
481	87
481	1868
481	931
481	184
481	499
481	1051
482	42
482	2033
482	35
482	62
482	4347
482	1516
482	324
482	124
482	978
482	2007
482	1235
482	1654
482	205
482	5614
482	3618
482	1299
482	1465
482	163
483	396
483	416
484	462
484	608
484	369
484	409
485	549
485	638
486	334
486	5023
486	489
486	851
486	2683
486	253
486	1140
487	479
487	670
487	895
487	84
487	464
487	492
487	5642
487	992
487	1626
487	1213
487	257
487	755
487	3521
487	987
487	2152
487	174
487	5638
487	319
487	2998
487	686
488	204
488	1324
488	1214
489	5643
489	2833
489	434
489	994
489	1305
490	1359
490	1485
490	3405
490	5652
490	334
490	1470
490	1712
491	1703
491	56
491	319
491	2265
492	61
492	682
493	709
493	2135
493	1249
493	3620
493	3556
493	1179
493	537
493	1870
493	401
493	1188
493	782
493	1154
493	206
493	1008
493	823
493	1326
493	615
493	371
493	2857
495	685
495	646
495	1325
496	10
496	1876
497	1945
497	5660
498	285
498	155
498	1718
498	234
498	2657
500	59
500	917
501	471
501	22
501	339
501	3865
502	524
502	0
502	285
502	199
502	322
502	1036
503	662
503	2569
507	1814
507	4915
507	1268
507	1022
507	528
507	551
507	678
507	1124
507	740
508	615
508	4296
509	825
509	479
509	1933
509	58
510	422
510	413
510	6
511	20
511	6
512	112
512	698
512	4502
512	1699
512	151
512	186
512	1881
512	890
512	1277
512	194
512	2570
512	1235
512	3099
512	192
512	899
512	1206
512	271
512	685
512	475
513	4
513	628
513	13
515	2693
515	531
515	256
515	475
515	255
515	402
515	1787
515	44
517	124
517	2017
518	790
518	300
518	1586
518	927
518	402
518	71
518	958
518	1973
518	118
518	619
518	5692
518	588
519	363
519	32
520	812
520	339
520	605
520	1156
520	803
520	1353
520	1206
520	933
520	136
520	1804
520	732
520	163
520	5693
521	2023
521	5526
521	755
521	2036
521	744
521	401
521	22
522	15
522	648
522	12
522	1712
522	2573
522	616
523	5704
523	5700
523	71
523	169
523	257
523	16
523	317
523	903
523	123
523	630
523	4007
523	4209
523	3918
523	864
523	1488
523	716
523	5385
523	1235
523	901
523	1696
523	1177
524	28
524	1849
524	939
524	30
524	709
525	5719
525	1399
525	118
525	1584
525	1353
525	914
525	5716
525	518
525	1278
525	4105
525	5714
525	862
525	712
525	3901
526	339
526	20
526	203
526	605
528	347
528	16
530	63
530	402
530	139
530	958
531	0
531	2096
531	2589
532	29
532	4104
532	1475
532	991
532	4515
532	958
532	737
532	1483
532	2091
532	816
532	208
532	4165
532	1648
532	1315
532	489
532	5265
532	487
532	794
532	1252
532	4191
532	674
532	427
532	206
532	3188
532	1079
532	865
532	1311
532	1175
532	2100
532	626
532	99
532	4091
532	5727
534	430
534	242
535	789
535	699
535	5757
536	923
536	2662
536	1269
537	1682
537	518
538	5760
538	339
538	571
539	21
539	15
539	416
539	428
540	744
540	29
540	2038
540	402
540	1362
540	464
541	677
541	5687
541	670
541	5631
541	4873
541	2840
541	1304
542	5769
542	1468
544	5779
544	5781
544	571
546	5789
546	32
548	204
548	638
549	468
549	1528
549	578
549	174
549	802
549	1151
549	545
549	3484
549	71
550	1124
550	932
550	339
550	681
550	65
550	1035
551	5226
551	339
551	769
551	5792
551	702
551	1647
552	1103
552	3486
552	568
552	251
552	61
552	34
552	2720
553	60
553	923
553	1101
553	4219
553	285
553	588
553	1887
553	4257
553	585
553	908
553	1268
553	647
553	1
553	57
553	1477
553	4057
553	3908
553	4362
553	53
553	2675
553	5801
553	269
553	63
553	4420
553	61
553	3560
553	889
554	987
554	4915
554	484
555	482
555	955
556	271
556	285
556	53
556	1398
557	428
557	0
557	13
557	2301
558	206
558	1490
558	626
558	54
558	756
558	5828
558	373
558	647
558	5836
558	2132
558	56
558	1925
558	2229
558	13
558	4717
558	508
558	2200
558	2180
558	1233
558	642
558	1309
559	464
559	1126
559	1788
559	678
559	413
559	1275
559	1411
559	1159
559	1957
559	339
559	311
559	1043
559	83
559	151
559	1522
559	698
559	651
559	806
560	604
560	4
560	182
560	2841
560	174
560	155
560	571
560	770
560	2326
560	2618
560	271
560	4169
560	912
560	1734
560	5845
560	285
560	4120
561	1275
561	257
561	1182
561	828
561	246
562	1260
562	4089
562	3083
562	619
562	963
562	5043
562	1013
563	512
563	16
564	346
564	350
564	648
564	4
565	2917
565	3249
565	819
565	1769
566	5406
566	1170
568	56
568	285
568	730
568	196
568	1124
568	30
569	621
569	511
570	2311
570	61
570	660
570	470
570	1887
570	449
570	516
570	2676
570	1372
570	664
570	26
570	1713
571	2226
571	764
571	1248
571	1652
571	5875
571	416
571	50
571	2059
571	271
571	13
571	2251
571	801
571	80
571	1788
571	1316
571	678
571	68
571	1154
571	324
571	628
571	670
571	2077
571	1302
571	298
571	27
572	403
572	343
575	1369
575	1713
575	918
575	96
575	28
575	1597
575	159
575	53
576	5880
576	3366
577	2678
577	249
577	297
577	109
577	958
578	605
578	733
578	1043
578	617
578	487
578	737
578	269
578	616
578	1900
578	49
578	402
578	991
578	2225
578	1175
578	272
578	1903
578	670
578	124
578	1713
578	1124
578	191
578	1780
579	214
579	670
579	737
580	208
580	552
580	56
580	203
581	4492
581	3094
582	343
582	4123
582	413
582	6
582	955
582	609
583	163
583	87
583	324
583	1894
583	204
584	1305
584	1030
584	5898
584	4199
584	5897
584	3121
584	1009
584	645
584	2409
584	405
584	5891
584	1019
584	2833
584	551
584	71
584	32
584	3931
584	1089
585	1381
585	3446
585	3844
585	427
585	429
585	711
585	3628
585	1106
585	168
585	4
585	967
585	1202
585	716
585	3891
586	20
586	1270
587	4295
587	26
587	339
588	339
588	50
588	1274
588	1092
588	268
588	862
588	918
588	879
588	58
588	1165
588	94
588	5503
588	139
588	615
588	1190
588	2767
588	159
588	3783
588	698
588	60
588	1164
588	1141
588	13
588	151
588	651
589	471
589	187
590	427
590	15
590	2566
590	413
590	400
591	163
591	480
591	2562
591	484
592	5724
592	4429
592	100
592	68
592	34
592	537
592	5941
592	3529
592	139
592	5938
592	496
592	5919
592	1202
592	5929
592	5939
592	5928
592	2018
592	946
593	1883
593	73
594	710
594	1182
594	28
594	5955
594	55
594	5947
594	343
594	2215
594	1186
594	1648
594	196
594	53
594	815
594	479
594	759
595	5027
595	718
595	1275
595	293
595	704
595	427
595	571
595	5805
595	459
595	1201
595	151
595	1103
595	3439
595	2115
595	689
595	57
595	64
595	917
595	251
595	653
595	4310
595	2111
595	286
595	434
595	3785
595	299
595	650
595	368
595	1282
595	1391
595	1887
595	658
597	2697
597	1580
597	5996
597	2562
597	5980
597	308
597	851
597	1208
597	136
597	469
597	5981
597	5983
597	269
597	1164
597	259
597	2074
597	192
597	463
597	403
598	1599
598	3571
598	58
598	5541
598	61
598	484
598	1610
598	933
598	4007
598	987
598	168
598	670
598	524
598	115
598	31
598	163
598	2780
598	5998
598	123
599	5212
599	656
599	2961
599	716
599	100
599	777
599	912
599	3
599	2667
599	5999
600	7
600	433
600	15
600	413
600	28
601	3986
601	273
601	1037
601	3647
601	1223
601	3804
601	279
601	6044
601	6035
601	1728
601	903
601	1558
601	2215
601	3800
601	292
601	679
601	4302
601	1954
601	2554
601	378
601	155
601	1033
601	371
601	2149
601	6027
601	334
601	6007
601	6004
601	3235
601	1097
601	2754
601	1118
601	5802
601	6009
601	5571
601	682
601	877
601	661
601	4386
601	616
601	6055
601	258
601	885
601	68
601	3449
601	5016
601	610
601	958
601	4958
601	4016
601	6002
601	1277
601	235
601	2553
601	2679
601	1594
602	344
602	354
602	646
602	422
603	98
603	61
603	900
603	3882
603	18
604	6128
604	3414
604	2639
604	457
604	3240
604	5427
604	404
604	2175
604	470
604	285
604	139
604	688
604	5768
604	6171
604	864
604	51
604	61
604	6115
604	1777
604	1259
604	629
604	6183
604	715
604	1742
604	914
604	4010
604	1297
604	6111
604	1875
604	6120
604	6095
604	6157
604	124
604	60
604	6170
604	463
604	518
604	75
604	3485
604	475
604	526
604	2146
604	6148
604	1906
604	6161
604	6094
604	2006
604	6088
604	3477
604	3161
604	251
604	236
604	2294
604	658
604	3823
604	1140
604	695
604	269
604	483
604	5829
604	6113
605	334
605	583
605	5878
605	20
605	6188
605	172
605	1589
605	6187
605	174
605	1266
605	720
606	474
606	1549
606	1515
606	1667
606	155
606	670
606	1586
606	879
606	1627
606	28
606	47
606	2652
606	486
606	1115
606	1412
606	3020
606	2036
606	518
606	187
606	3399
606	63
606	865
606	605
606	2281
606	1852
606	139
606	737
606	1956
608	235
608	6246
608	5752
608	1044
608	4200
608	842
608	6268
608	3
608	1806
608	2748
608	6223
608	796
608	3810
608	2703
608	1655
608	4198
608	4648
608	1512
608	1612
608	740
608	6259
608	2835
608	151
608	57
608	550
608	6245
608	6293
608	689
608	2689
608	1683
608	1903
608	1723
608	6290
608	1283
608	484
608	816
608	187
608	3830
608	1928
608	6243
608	1363
608	2717
608	817
608	1313
608	479
608	2184
608	1256
608	118
608	3959
608	2780
608	70
608	50
608	6267
608	3434
608	1652
608	3210
608	6233
608	2154
608	464
608	2260
608	6274
